,mu0,eps,gamma,K,alpha,H_s,max_x,disc,size,T,dt
0,1.25667e-06,8.8422e-12,220000.0,0,0.2,100000,15.400000000000006,0.4,39,6e-08,5e-10
