% Model,Evan_continuous_faraday_v7.mph
% Version,COMSOL 5.5.0.359
% Date,"Jan 4 2021, 11:42"
% Table,Probe Table 1 - 
% L (m),beta_e (1),beta_i (1),"ec.Ey*ec.Jy (W/m^3), Faraday Power","abs(ec.Ey/(u_x*B_app)) (1), K hall","ec.Ex*ec.Jx+ec.Ey*ec.Jy+ec.Ez*ec.Jz (W/m^3), Resistor Power","ec.Ex*ec.Jx (W/m^3), Hall Power","ec.Ex*ec.Jx+ec.Ey*ec.Jy+ec.Ez*ec.Jz (W/m^3), Total Channel Power","plasma velocity (m/s), Point: (0, 0, 0)","applied magnetic field (T) (T), Point: (0, 0, 0)","plasma conductivity (S/m) (S/m), Point: (0, 0, 0)","Electric field, x component (V/m), Electric Field . x","Electric field, y component (V/m), Electric Field . y","Electric field, z component (V/m), Electric Field . z"
0.1,0,0,-1.678043748886462E9,0.4278198805916105,9.648647048692795E9,3.0378510733247776E7,-1.6472708002787158E9,1800,6,60,-2.640583536271435,4612.2324531185195,0.7548931006557313
0.2,0,0,-1.6835952266320052E9,0.4254895411386512,9.5698389844536E9,2.336727136448913E7,-1.6597889556320734E9,1800,6,60,-3.8563474884948863,4593.3579762081345,-0.905977573995732
0.30000000000000004,0,0,-1.6437145663026161E9,0.4173655756959204,9.215625171074667E9,1.8170786209348083E7,-1.6250360144478695E9,1800,6,60,-3.6825604034080683,4507.548217515954,-0.2925080670434498
0.4,0,0,-1.357574934044529E9,0.37863982767006366,7.5848000180785885E9,1.2185840171790808E7,-1.344945013310384E9,1800,6,60,2.3400419848885705,4089.3101388366777,-2.7056086454780424
0.5,0,0,-9.949676126128333E8,0.32795171622121994,5.596594364313305E9,6310903.109656485,-9.881894649528831E8,1800,6,60,3.8036664691775517,3541.8785351891725,3.39926788945067
