% Model,Evan_segmented_faraday_v6_suboptimal_v2.mph
% Version,COMSOL 5.5.0.359
% Date,"Mar 16 2021, 12:43"
% Table,Probe Table 1 - 
% mob_e (m^2/(V*s)),mob_i (m^2/(V*s)),"abs(ec.Ey/(u_x*B_app)) (1), K hall","plasma velocity (m/s), Point: (0, 0, 0)","Applied Magnetic Field (T), Point: (0, 0, 0)","plasma conductivity (S/m), Point: (0, 0, 0)","ec.Ex*ec.Jx+ec.Ey*ec.Jy+ec.Ez*ec.Jz (W), Resistor Power","ec.Ex*ec.Jx (W), Hall Power","ec.Jz*ec.Ez (W), Off Power","ec.Ex*ec.Jx+ec.Ey*ec.Jy+ec.Ez*ec.Jz (W), Total Channel Power","ec.Jx*ec.Ex + ec.Jy*ec.Ey + ec.Jz*ec.Ez (W), Joule Heating","Insulating boundary added to ends of channel (outdated, use L now) (mm)",Support of B_z function away from channel (mm),"ec.Ey*ec.Jy (W/m^3), Faraday Power",Sets chan width (y) to elec height (x) ratio (1)
0.016666666666666666,0,1.0591924117947156,1800,6,60,747938.3670769576,52198.22755150979,10513.764281588326,5082132.643684115,-5830050.5268468065,5,500,4.563109683500998E8,100
0.035907244833864725,0,1.0760431340653138,1800,6,60,772000.7267736844,206807.48227861623,47322.27436514013,7352001.182801407,-8123932.720146793,5,500,6.452610387415987E8,100
0.07735981389354629,0,1.1515660400568466,1800,6,60,884491.8142545371,518892.06190403004,196983.06043184426,1.6227234019471707E7,-1.7111765160337355E7,5,500,1.4101235361032498E9,100
0.16666666666666666,0,1.453235414728605,1800,6,60,1409633.2071585702,-1603588.5867661857,594002.5785424456,3.84454827665939E7,-3.985540194786473E7,5,500,3.5868244340743403E9,100
0.3590724483386472,0,2.2695812442802774,1800,6,60,3438459.5183071336,-1.2339197493953237E7,750817.1695523039,5.479637885224735E7,-5.8234505957182646E7,5,500,6.034978106968001E9,100
0.7735981389354629,0,3.2457913410737294,1800,6,60,7030755.590617374,-1.9103164831664078E7,326224.22243617004,3.567973019570377E7,-4.271001674446699E7,5,500,4.950606436811927E9,100
1.6666666666666667,0,3.70950447367897,1800,6,60,9181948.61540403,-1.8453298719713718E7,133385.6073807977,1.5646114155586313E7,-2.482760777209521E7,5,500,3.0878206607199106E9,100
