% Model,Evan_segmented_faraday_v10_2.mph
% Version,COMSOL 5.5.0.359
% Date,"May 3 2021, 12:51"
% Table,Probe Table 1 - 
% L (m),mob_e (T),mob_i (m^2/(V*s)),outer_chan_len (m),B_app (T),"abs(ec.Ey/(u_x*B_app)) (1), K hall","plasma velocity (m/s), Point: (0, 0, 0)","Applied Magnetic Field (T), Point: (0, 0, 0)","plasma conductivity (S/m), Point: (0, 0, 0)","ec.Ex*ec.Jx+ec.Ey*ec.Jy+ec.Ez*ec.Jz (W), Resistor Power","ec.Ex*ec.Jx (W), Hall Power","ec.Jz*ec.Ez (W), Off Power","ec.Ex*ec.Jx+ec.Ey*ec.Jy+ec.Ez*ec.Jz (W), Total Channel Power","ec.Jx*ec.Ex + ec.Jy*ec.Ey + ec.Jz*ec.Ez (W), Joule Heating","Insulating boundary added to ends of channel (outdated, use L now) (mm)",Support of B_z function away from channel (mm),"ec.Ey*ec.Jy (W/m^3), Faraday Power","Electric potential (V), Push Power"
0.05,1.6666666666666667,0,0.25,6,0.041660903122718584,1800,6,60,101160.58680517128,-3135116.470841491,4706.6116158252935,-3392828.913961418,3291668.099827765,250,50,-2.3856277703250345E7,2.743595915303966
0.1,1.6666666666666667,0,0.25,6,0.048630718099973436,1800,6,60,150975.29232402105,-1082782.800337418,1423.1396751552852,-1233419.0685251502,1082443.4548449724,250,100,-1.3823582532991217E7,-0.4703954361144112
0.15000000000000002,1.6666666666666667,0,0.25,6,0.049829319351812985,1800,6,60,158414.7244708933,-1068594.3272293739,1516.898490431898,-1223204.8588252382,1064790.0502673995,250,150.00000000000003,-1.4193402735118465E7,0.11164869361725249
0.2,1.6666666666666667,0,0.25,6,0.050857877381436406,1800,6,60,164935.29502785017,-1078307.3978036914,1607.0595313029182,-1238761.479642552,1073826.0031630702,250,200,-1.4732831033651244E7,0.32640795404885137
0.25,1.6666666666666667,0,0.25,6,0.05183025713568757,1800,6,60,171222.08870284504,-1096124.139001722,1697.3765827149339,-1262987.7401482274,1091765.8076112322,250,250,-1.5323725248111593E7,0.22738304716668314
