% Model,Evan_segmented_faraday_v8.mph
% Version,COMSOL 5.5.0.359
% Date,"Apr 28 2021, 08:46"
% Table,Probe Table 1 - 
% L (m),mob_e (m^2/(V*s)),mob_i (m^2/(V*s)),outer_chan_len (m),sig_b (S/m),"abs(ec.Ey/(u_x*B_app)) (1), K hall","plasma velocity (m/s), Point: (0, 0, 0)","Applied Magnetic Field (T), Point: (0, 0, 0)","plasma conductivity (S/m), Point: (0, 0, 0)","ec.Ex*ec.Jx+ec.Ey*ec.Jy+ec.Ez*ec.Jz (W), Resistor Power","ec.Ex*ec.Jx (W), Hall Power","ec.Jz*ec.Ez (W), Off Power","ec.Ex*ec.Jx+ec.Ey*ec.Jy+ec.Ez*ec.Jz (W), Total Channel Power","abs(ec.Jx*ec.Ex) + abs(ec.Jy*ec.Ey) + abs(ec.Jz*ec.Ez) (W), Joule Heating","Insulating boundary added to ends of channel (outdated, use L now) (mm)",Support of B_z function away from channel (mm),"ec.Ey*ec.Jy (W/m^3), Faraday Power","u_x*(ec.Jy * B_z(x)) (W), Push Power","(ec.Jx-int_Jx(x,y,z))/ec.normJ (m^3), Opt_test_Jx","(ec.Jy-int_Jy(x,y,z))/ec.normJ (m^3), Opt_test_Jy","(ec.Jz-int_Jz(x,y,z))/ec.normJ (m^3), Opt_test_Jz"
0.05,1.6666666666666667,0,0.5,60,1.1655484637825082,1800,6,60,4.0521266275497474E7,2.6358894133287862E7,1.8061368723427597E7,3.5674431456392966E7,3.358972275077019E8,500,50,-7.950755818474978E8,-1.415856253782892E8,0.008597144450877768,-0.09433823660966464,8.907472840909387E-4
0.35,1.6666666666666667,0,0.5,60,1.165548469979647,1800,6,60,4.052126760368855E7,2.635889613305194E7,1.8061369426931836E7,3.567443327794364E7,3.358972283994447E8,500,350,-7.950756620036254E8,-1.4158562623749107E8,0.008597144493560398,-0.09433823720596755,8.907467619464187E-4
0.45,1.6666666666666667,0,0.5,60,1.165548463477216,1800,6,60,4.052126635548299E7,2.635889390716953E7,1.8061368660868105E7,3.5674431292036325E7,3.358972269171492E8,500,450,-7.950755705455437E8,-1.4158562520722222E8,0.008597144452450613,-0.0943382365085856,8.907470589672719E-4
